code,product_name,nova_group,energy-kcal_100g,proteins_100g,fat_100g,saturated-fat_100g,carbohydrates_100g,sugars_100g,fiber_100g,cholesterol_100g,calcium_100g,iron_100g,potassium_100g,sodium_100g
6111242100992,perly,3,97.0,8.0,3.0,,9.4,,,,0.25,,,
6111035002175,Sidi Ali,1,,,,,,,,,,,0.003,0.026
6111035000058,Eau minérale naturelle,1,,,,,,,,,,,,0.026
6111266962187,Lait,3,45.0,3.1,1.5,1.0,4.9,0.0,,,0.122,,,0.09
3274080005003,Eau De Source,1,0.0,0.0,0.0,0.0,0.0,0.0,0.0,,0.068,,0.002,0.021
6111246721261,Fromage blanc nature,3,80.6,7.3,12.0,0.0,6.1,0.0,0.0,,,,,0.0
6111242101180,uht jaouda 1L,1,58.0,3.0,3.0,0.0,4.8,0.0,,,0.12,,,0.0
6111242106949,Jben,4,235.0,8.0,21.0,15.0,3.5,0.0,0.0,,,,,0.184
6111128000071,Ain Saïss,1,0.0,0.0,0.0,0.0,0.0,0.0,0.0,,6.35e-05,,1e-06,0.0
50184453,Marmite Yeast Extract,4,260.0,34.0,0.5,0.1,30.0,1.2,,,,,,4.32
6111242100985,,1,101.0,7.6,6.0,0.0,4.2,0.0,0.0,,0.24,,,0.0
6111032009665,,1,45.0,3.0,1.5,1.0,4.8,0.0,,,0.12,,,0.0
6111252421582,اكوافينا,1,0.0,0.0,0.0,0.0,0.0,0.0,,,,,,0.0
7622210449283,Prince Goût Chocolat,4,465.0,6.5,17.5,5.5,70.0,31.5,4.0,,,,,0.2
3046920029759,Excellence Noir Prodigieux 90% Cacao,3,592.0,10.0,55.0,30.0,14.0,7.0,0.0,,,0.0,,0.012
3017620425035,Nutella,4,539.0,6.3,30.9,10.6,57.5,56.3,,,,,,0.0428
5449000147417,Orange juice,4,39.0,0.0,0.0,0.0,9.3,17.0,5.0,,,,,0.0504
6111031005064,Tonik,2,504.0,4.35,22.2,10.9,71.7,40.0,0.435,,,,,0.087
6111180000231,levure pâtisserie,4,183.0,0.0,0.0,0.0,43.4,0.0,0.0,,,,,0.0
3175680011480,Sésame,4,467.0,10.0,18.0,2.0,64.0,17.0,4.6,,,,,0.152
6111162000839,Confiture de fraise,3,250.0,0.5,0.3,,61.33,63.0,,,,,,
6111242100206,Yaourt nature,3,78.5,4.2,3.3,2.4,8.0,0.0,0.0,,0.00016,,,0.0
6111184004129,Mayonnaise recette originale,4,592.0,1.12,65.21,9.8,0.22,0.05,,,,,,0.7
5025125000006,Sourdough White Ciabattin,3,230.0,10.1,0.8,0.1,44.1,2.4,2.9,,,0.0,,0.362
54491472,"coca cola 0,5",4,45.2,0.0,0.0,0.0,11.2,11.2,0.0,,,,,0.0
6111128000460,,1,,,,,,,,,0.00635,,0.0001,0.0008
20995553,Chocolat noir - 85% cacao,4,600.0,12.0,48.0,28.0,36.0,12.0,16.0,,,,,0.0
3268840001008,CRISTALINE Eau De Source 0.5L,1,0.0,,0.0,0.0,0.0,,,,0.039,,0.0015,0.001904
3017620422003,Nutella,4,539.0,6.3,30.9,10.6,57.5,56.3,0.0,,,0.0,,0.0428
5025125000112,Proper Sourdough,3,237.0,9.7,0.7,0.1,46.4,2.1,3.0,,,,,0.315
5025125000037,SLICED WHITE SOURDOUGH BREAD WITH GRAINS & SEEDS,3,237.0,10.7,2.7,0.3,40.2,1.4,4.7,,,0.0,,0.356
6111203006653,Cheddar,4,270.0,9.0,21.0,12.0,6.0,6.0,,,,,,0.6
20724696,Mandeln,1,621.0,24.7,53.3,4.33,4.67,4.67,12.0,,,,,0.004
6111184001562,Sel de table iodé,2,,,0.0,0.0,0.0,0.0,0.0,,,,,39.6
80177173,Nutella,4,539.0,6.3,30.9,10.6,57.5,56.3,,,,,,0.0428
3362600011044,Henry’s,4,440.0,7.6471,10.8235,5.2941,76.4706,24.2353,2.3529,,0.013,0.0009,,0.3529412
6111032000600,Salim,1,58.0,3.0,3.0,2.0,4.8,,,,0.12,,,
5449000214911,Coca-Cola,4,42.0,0.0,0.0,0.0,10.6,10.6,,,,,,0.0
6111242100305,Cremy,4,109.0,3.6,3.0,0.4,16.9,2.0,,,,,,0.0
80135463,,4,539.0,6.3,30.9,10.6,57.5,56.3,,,,0.0,,0.0428
5449000061515,Ciel,1,0.0,0.0,0.0,0.0,0.0,0.0,0.0,0.0,0.009,,0.002,0.02
8425197712024,,4,539.0,7.2,33.0,25.0,53.0,50.0,,,,,,0.11
6111128000088,ain saiss 50cl,1,0.0,0.0,0.0,0.0,0.0,0.0,,,,,,0.0
6111246721278,Cream cheese,3,257.0,10.0,18.0,0.0,3.1,0.0,0.0,,,,,0.0
5740900404465,Spreadable Slightly Salted,2,706.0,0.5,78.0,35.0,0.6,0.6,,,,,,0.354
6111035003523,,1,0.0,0.0,0.0,0.0,0.0,0.0,0.0,,,,,0.0
7622210578464,Organic 70% Dark Chocolate Bar,3,580.0,9.1,42.0,25.0,36.0,29.0,10.0,,,,,0.004
6111032006619,Jamila رايبي,4,72.0,1.9,1.7,1.1,12.4,9.0,0.0,,,,,0.0
6111251420166,Eau,1,0.0,0.0,0.0,0.0,0.0,0.0,,,0.06773,,0.001,1.2e-06
6111252421575,Aquafina 50cl,1,1.0,0.1,0.1,0.1,0.1,0.1,0.0,,,,,0.04
8445290615350,sauce tomate cuisinée,4,68.0,1.6,0.4,0.0,7.6,4.4,2.0,0.0,,,,0.4
5449000214799,Coke Zero,4,0.3,0.0,0.0,0.0,0.0,0.0,,,,,,0.004
3362600011228,Sable coco Henry s 42g,4,443.0,7.62,12.4,7.14,73.8,23.8,2.38,0.000952,,,,0.36
5411188112709,Geröstete Mandel Ohne Zucker,4,15.0,0.5,1.1,0.1,0.0,0.0,0.3,,0.12,,,0.06
6111035001673,Aïn Atlas 50cl,1,0.0,0.0,0.0,0.0,0.0,0.0,0.0,,,,,0.0096
20047238,Notenmix Mélange de Noix ongebrand - non grillé,1,646.0,20.4,58.0,6.4,6.4,4.2,8.5,,,,,0.004
7394376616228,Oat Drink Barista Edition,3,61.0,1.1,3.0,0.3,7.1,3.4,0.8,,0.12,,,0.04
6111250470742,Lait U.H.T entier,1,58.0,3.0,3.0,0.0,4.8,0.0,0.0,,0.12,,,0.0
6111203001467,margarine la prairie 225g,4,635.0,1.0,70.0,0.0,0.7,0.0,0.0,,0.12,,,0.28
20005733,Walnusskerne naturbelassen,1,712.0,15.5,69.1,6.8,3.7,3.0,6.8,,,,,0.02
8000500310427,Biscuits croquants au coeur onctueux de Nutella®,4,515.0,7.9,24.8,11.5,64.0,35.8,,,,,,0.2236
7300400481595,Tartine croustillante Authentique,3,336.0,9.0,1.5,0.4,62.0,1.0,19.0,0.0,0.0,0.0026,0.0,0.4
3046920022651,Excellence Noir Intense 70% Cacao,3,566.0,9.5,41.0,24.0,35.0,30.0,,,,,,0.008
6111037000599,Familia 200g,4,532.0,0.2,60.0,21.0,0.2,0.0,5.0,,,,,0.0
6111184001661,Star vinaigre de table BLANC,2,1.0,0.0,0.0,0.0,0.15,0.15,,,,,,0.0
8052575090230,Nocciolata,4,544.0,8.1,32.0,5.7,54.0,51.0,3.6,,,,,0.048
3608580065340,Pâte à tartiner noisettes et cacao,4,551.0,6.7,34.0,5.2,53.0,51.0,3.3,,,,,0.04
5010029000016,Weetabix,3,358.0,11.8,2.11,0.526,68.4,4.21,10.0,,,0.0118,,0.103
5060042641000,Lightly sea salted crisps,3,476.0,6.2,27.0,2.4,49.0,0.64,5.5,,,,,0.332
7622210584724,Dark chocolate,3,606.0,10.0,50.0,30.0,23.9,13.9,12.8,,,,,0.0522
3057640257773,Eau Minérale Naturelle,1,0.0,0.0,0.0,0.0,0.0,0.0,0.0,,0.0012,,0.0006,0.0012
6111162001218,Filets de maquereau,3,180.0,30.1,8.5,1.5,0.6,0.6,,,,,,0.2
3046920022606,Excellence Noir Puissant 85% Cacao,3,584.0,12.5,46.0,27.0,22.0,15.0,0.0,,,,,0.008
3155251205296,Tartine Doux,4,495.0,0.0,55.0,15.0,0.0,0.0,,,,0.0,,0.16
6111003031107,,3,180.0,30.1,6.4,1.5,0.6,0.16,,,,,,0.2
3229820100234,Fourrés Chocolat Noir,4,476.0,7.6,19.0,6.3,66.0,27.0,5.2,,,0.0026,,0.196
6111184001074,Confiture De Fraises 430 G,4,256.0,0.5,0.5,0.1,63.0,62.0,0.5,,,,,0.008
20022464,Extra dark 74% Cocoa,4,571.0,9.9,42.0,26.0,32.0,26.0,,,,,,0.008
3760020507350,Pur beurre de cacahuète,1,625.0,29.0,50.0,9.7,12.0,5.1,5.5,,,,,0.0
6111242100220,Lait Entier UHT,1,58.0,3.0,3.63,2.4,4.8,4.2,,,0.12,,,0.0
5013665100065,Organic Lightly Salted Wholegrain Low Fat Rice Cakes,3,394.0,8.5,2.7,0.7,82.3,0.5,0.0,,,,,0.118
3329770077003,Skyr nature 0%,3,57.0,9.5,0.105,0.065,3.6,3.6,0.0,0.00256,0.1,2e-05,0.17934,0.055
6923818812082,Green Tea,1,0.5,0.5,0.5,0.5,0.5,0.2,0.2,,,,,0.04
3760049798609,Pain de mie grandes tranches Seigle & Graines 500g,4,297.0,12.0,9.6,1.0,37.0,4.2,7.2,,,0.0,,0.384
5025125000129,Jasons Sourdough,3,233.0,9.3,1.1,0.2,44.8,2.6,3.6,,,0.0,,0.342
8052575090254,Nocciolata bio,4,544.0,8.1,32.0,5.7,54.0,51.0,3.6,,,,,0.048
7300400481588,FIBRES,3,333.0,12.0,5.0,1.0,47.0,2.0,26.0,,,0.005,,0.48
7311070032611,Krisprolls complets sans sucres ajoutés,4,400.0,13.0,6.6,0.9,68.0,1.1,8.3,,,,,0.44
3029330022428,14 Maxi Tranches complet sans sucres ajoutés,4,243.0,8.7,3.0,0.3,42.0,3.8,6.6,,,,,0.48
3362600011006,Henry’s,4,440.0,7.65,10.8,5.29,76.5,24.2,2.35,0.000706,,,,0.353
6111162000716,Confiture d'abricot,3,272.0,0.41,0.0,0.0,67.36,50.0,,,,,,0.0
8076809513753,Pesto alla Genovese,4,492.0,4.7,47.0,5.3,11.0,5.0,3.0,,,0.0,,1.28
3168930010265,cruesly mélange de noix,4,462.0,8.5,19.0,2.0,57.0,12.0,10.0,,,0.0021,,0.0
6111259341197,Momo black,4,497.0,7.0,21.0,9.9,70.0,27.0,,,,,,0.128
16256163,poulain,4,522.0,5.4,28.0,5.1,60.0,59.0,3.5,,,,,0.04
50457236,Tomato Ketchup,3,100.0,1.33,0.0,,23.3,22.7,,,,,,0.395
5411188124689,Hafer Milch,4,40.0,0.2,1.5,0.2,5.8,0.0,1.2,,0.12,,,0.1
5410041001204,Tuc Original,4,482.0,8.3,19.0,9.0,67.0,7.1,2.4,,,,,0.68
6111251420135,Aïn Ifrane,1,0.0,,,,,,,,0.006773,,,0.0003
6111180000392,سكر الفانيلين,2,392.0,0.0,0.0,0.0,97.6,89.4,0.6,,,,,0.0
3017620429484,Nutella,4,539.0,6.3,30.9,10.6,57.5,56.3,,,,,,0.0428
6111031005552,Merendino,4,410.0,4.0,20.0,12.0,55.0,39.0,1.8,,,,,0.204
6111099005396,مارغرين المائدة,4,675.0,0.1,75.0,34.0,0.2,0.0,0.0,,,,,0.2
16256866,1848 Chocolat en poudre,4,515.0,7.1,26.0,7.74,63.0,61.0,1.0,,,,,0.098
6111184000213,El Baraka Confiture D'abricots 430 G,4,244.0,0.44,0.0,0.0,60.5,50.0,0.0,,,,,0.1
6111206000733,Jebli,4,225.0,6.5,19.0,13.0,6.9,0.0,0.0,,,,,0.304
8002270014901,S. Pellegrino Water,1,0.0,0.0,0.0,0.0,0.0,0.0,,,0.164,,0.0022,0.0
3046920028004,70% chocolate,3,562.0,9.5,41.0,24.0,35.0,30.0,,,,,,0.01
59032823,nutella,4,539.0,6.3,30.9,10.6,57.5,56.3,3.5,,,,,0.0428
5449000054227,Original Taste,4,42.0,0.0,0.0,0.0,10.6,10.6,,,,,,0.0
3155250358788,Primevère bio doux tartine & cuisson,4,485.0,0.0,55.0,14.0,0.0,0.0,0.0,,,,,0.16
50160884,Vegan Bouillon powder,3,241.0,9.6,8.4,0.9,30.6,3.9,0.0,,,,,17.52
6111259340992,Eyoo cover,4,452.0,6.0,23.0,0.0,55.0,0.0,,,,,,0.0
6111242102781,Tendre nature,3,119.0,4.2,5.0,4.2,14.3,9.0,0.0,,,,,0.0
3068320123264,La salvetat,4,0.0,0.0,0.0,0.0,0.0,0.0,0.0,,0.016,,0.0002,0.0005
4056489148739,NATURAL YOGURT,1,126.0,4.08,10.0,6.72,4.64,4.4,0.48,,0.121,0.00011,0.155,0.0408
6111242103702,Yaourt Grec Muesli,3,140.0,3.3,7.0,4.0,16.1,9.0,,,0.127,,,0.0
5010265002911,Dark Rye Crispbread,3,352.0,10.5,1.14,0.19,67.6,2.86,14.5,,,0.002,,0.282
06175700,Tartines craquantes au sarrasin imp,3,388.0,13.4,2.8,0.6,75.0,2.6,4.4,,,0.0038,,0.272
5449000131805,Coke Zero can,4,0.3,0.0,0.0,,0.0,,,,,,,0.004
5449000131836,Coca-Cola Zero Azúcar,4,0.4,0.0,0.0,0.0,0.0,0.0,,,,,,0.008
6111214004747,Pipas,3,520.0,24.6,29.0,3.36,38.9,1.65,2.7,,,,,0.0236
3608580124047,Be Nuts ! - Pâte à tartiner Cacahuète,4,614.0,21.0,49.0,9.0,20.0,15.0,4.4,,,,,0.28
3175681851849,Pomme 🍏 🍎 Noisette🥜,4,453.0,9.8,17.0,1.5,62.0,11.0,6.6,,,,,0.004
3451790988677,Le Beurre Tendre Doux,2,744.0,0.7,82.0,57.0,0.8,0.8,0.0,,,,,0.02
5010029000801,Family Pack,3,362.0,12.0,2.0,0.6,74.0,4.2,10.0,,,0.012,,0.11
20003166,Haferflocken,1,372.0,13.5,7.0,1.3,58.7,0.7,10.0,,,0.0,,0.012
5013665112273,Organic Vegetable Stock Cubes,3,7.0,0.0,0.4,0.2,0.7,0.3,0.01,,,,,0.36
6111250012416,Le bon lait,1,46.0,3.0,1.5,1.0,4.9,0.0,,,0.123,,,0.0
6111252860077,Trios,4,534.0,5.2,32.1,32.1,54.0,54.0,,,,,,0.8
3046920028363,Excellence 85% Cacao Rich Dark,3,578.393881362,12.5,46.0,27.0,22.0,15.0,15.0,,,,,0.005
20095291,Edelbitter 70% Cacao,4,544.0,8.8,40.0,24.8,32.0,27.2,12.0,,,,,
3229820019307,Flocons d'avoine,1,362.0,11.0,7.1,1.3,58.0,1.7,11.0,,,0.0,,0.008
5034467000216,Tofoo Naked,3,146.0,16.6,7.86,1.14,1.14,0.143,1.86,,,,,0.0229
80176800,Nutella,4,533.33,6.0,30.67,10.67,57.33,56.0,0.0,0.0,0.0,0.0,0.0,0.428
6111035003509,"Bahia, Eau De Table",1,0.0,0.0,0.0,0.0,0.0,0.0,,,,,,0.0
6111126003821,Lait Frais 15 jours,1,57.2,3.01,2.91,1.62,4.75,4.75,,0.012,0.116,,0.15,0.0345
3480341000674,Carré Frais,3,85.0,16.0,0.3,0.2,4.5,2.9,,,0.010625,0.0,,0.511
6111203001474,La prairie classique,4,635.0,1.0,70.0,0.0,0.7,0.0,,,,,,0.0
87157215,Tomato Ketchup,3,102.0,1.2,0.1,0.1,23.2,22.8,,,,,,0.72
5053990156009,Pringles Original,4,534.0,5.9,31.0,6.6,56.0,1.4,3.5,,,,,0.44
8410076801180,Crunchy oats&honey,4,436.0,8.0,16.9,2.0,60.0,25.1,6.0,,,,,0.316
4008400401621,Nutella,4,539.0,6.3,30.9,10.6,57.5,56.3,,,,0.0,,0.044
6111242102002,Ghilal Yaourt zr3,4,106.0,3.5,3.0,2.2,16.0,7.5,1.1,,,,,0.0
3251490332080,Figue & son,4,450.0,9.3,19.0,1.7,54.0,16.0,13.0,,,,,0.076
3175680015228,Levure de bière,1,323.0,46.0,4.6,0.8,12.0,1.2,25.0,,,,,0.128
3229820160672,Croustillant Chocolat,4,433.0,9.8,14.0,3.8,62.0,14.0,9.8,,,,,0.112
5449000133328,,4,0.2,0.0,0.0,0.0,0.0,0.0,0.0,,,,,0.008
20006105,Wholegrain Rye Bread,4,209.0,5.71,1.79,0.36,38.0,3.93,9.29,,,,,0.4
3760049790214,Pain De Mie Bio,4,268.0,8.1,4.2,0.4,47.0,6.3,4.9,,,,,0.44
3046920028721,Bitter Extra Kraftig,3,573.0,14.0,49.0,30.0,10.0,1.0,,,,,,0.28
5010003064744,Seed Sensations,4,277.0,10.0,6.59,0.682,42.0,3.86,5.23,,,,,0.355
3019081238643,Sardines Huile d'Olive Vierge Extra,3,554.0,56.1,36.6,8.54,0.0,0.0,,,,,,1.17
5449000000439,Coca-Cola,4,42.0,0.0,0.0,,10.6,10.6,,,,,,0.012
6111024001516,"Huile de table équilibrée riche en vitamines A,E,D3",4,900.0,0.0,100.0,15.0,0.0,0.0,,,,,,0.0
7613035040823,Nestlé Dessert,4,548.0,6.0,34.1,20.2,50.7,46.4,7.3,,,,,0.004
6111259342828,Petit beurre,4,427.0,6.6,17.5,8.5,60.0,15.3,1.2,,,,,0.092
3257971309114,Eau minérale naturelle,1,0.0,0.0,0.0,0.0,0.0,0.0,,,0.00026,,,0.0003
3256540000698,Pains au lait x10,4,353.0,8.6,11.0,4.0,55.0,11.0,3.5,,,,,0.0011
8000500179864,Nutella,4,539.0,6.3,30.9,10.6,57.2,56.3,3.0,,,,,0.044
3045140105502,Chocolat au lait,4,539.0,6.5,31.0,19.0,57.0,55.0,2.3,,,,,0.11
50457250,Tomato Ketchup,3,102.0,1.2,0.1,0.1,23.2,22.8,,,,,,0.708
6111184001203,Moutarde 10.50 g,4,158.7,7.44,11.19,0.71,7.07,1.94,,,,,,2.616
5020364010113,Bakery Co. 5 The Original Bagels,3,229.0,7.8,2.2,0.8,42.0,4.4,2.6,,,,,0.075
42105220,Coca Cola,4,42.0,0.0,0.0,0.0,10.6,10.6,,,,,,0.0
